Orientation(degrees),FL,FR,DL,DR
127.21,-3.03,22.37,0.13,1500,1500,1645,1645
127.67,-3.13,22.34,0.13,1500,1500,1648,1648
127.81,-2.82,21.87,0.13,1500,1500,1656,1656
127.78,-2.49,20.80,0.13,1500,1500,1665,1665
127.64,-2.16,19.11,0.13,1500,1500,1675,1675
127.41,-1.78,17.01,0.13,1500,1500,1687,1687
127.21,-1.20,14.87,0.13,1500,1500,1699,1699
127.18,-0.39,13.22,0.13,1500,1500,1710,1710
127.36,0.21,12.59,0.13,1500,1500,1719,1719
127.70,0.03,12.63,0.17,1500,1500,1727,1727
128.37,-1.49,13.20,0.17,1500,1500,1733,1733
128.96,-2.70,14.53,0.17,1500,1500,1738,1738
129.63,-3.51,16.31,0.17,1500,1500,1742,1742
130.31,-3.98,18.64,0.17,1500,1500,1745,1745
130.92,-4.75,21.68,0.17,1500,1500,1746,1746
131.46,-5.46,25.14,0.17,1500,1500,1745,1745
131.79,-5.69,28.91,0.17,1500,1500,1743,1743
132.35,-5.29,32.90,0.17,1500,1500,1741,1741
132.27,-4.51,37.24,0.12,1500,1500,1738,1738
132.17,-3.61,42.47,0.12,1500,1500,1732,1732
132.14,-3.35,46.24,0.12,1500,1500,1729,1729
132.31,-3.52,49.25,0.12,1500,1500,1727,1727
132.58,-3.96,51.42,0.12,1500,1500,1727,1727
132.82,-4.33,53.26,0.12,1500,1500,1727,1727
132.82,-4.37,54.95,0.12,1500,1500,1727,1727
132.58,-3.96,56.56,0.12,1500,1500,1727,1727
132.31,-3.37,58.19,0.12,1500,1500,1726,1726
132.03,-2.85,59.79,0.23,1500,1500,1726,1726
132.22,-2.73,62.17,0.23,1500,1500,1725,1725
132.69,-3.11,63.75,0.23,1500,1500,1724,1724
133.09,-3.55,65.19,0.23,1500,1500,1723,1723
133.17,-3.84,66.42,0.23,1500,1500,1723,1723
132.77,-3.98,67.46,0.23,1500,1500,1724,1724
132.41,-4.12,68.43,0.23,1500,1500,1724,1724
131.86,-4.39,69.21,0.23,1500,1500,1724,1724
133.14,-5.50,69.92,0.23,1500,1500,1725,1725
141.78,-9.65,71.15,0.24,1500,1500,1725,1725
150.46,-12.99,73.23,0.24,1500,1500,1722,1722
156.64,-14.54,74.56,0.24,1500,1500,1721,1721
162.39,-15.17,75.95,0.24,1500,1500,1719,1719
166.72,-14.54,76.96,0.24,1500,1500,1719,1719
170.13,-13.50,77.72,0.24,1500,1500,1719,1719
173.42,-13.53,78.90,0.24,1500,1500,1717,1717
173.11,-12.94,79.67,0.24,1500,1500,1717,1717
172.12,-12.26,80.34,0.24,1500,1500,1716,1716
171.88,-11.94,81.24,0.24,1500,1500,1715,1715
172.53,-11.53,82.33,0.24,1500,1500,1714,1714
173.28,-11.21,82.98,0.24,1500,1500,1713,1713
174.51,-11.22,83.71,0.24,1500,1500,1713,1713
175.93,-11.31,84.39,0.24,1500,1500,1712,1712
177.05,-11.44,84.74,0.24,1500,1500,1712,1712
177.98,-11.44,84.89,0.24,1500,1500,1712,1712
178.74,-11.37,85.00,0.24,1500,1500,1712,1712
179.72,-11.39,84.98,0.24,1500,1500,1713,1713
181.04,-11.66,85.04,0.23,1500,1500,1713,1713
182.23,-11.91,84.93,0.23,1500,1500,1714,1714
182.85,-12.01,84.84,0.23,1500,1500,1714,1714
182.94,-12.00,84.72,0.23,1500,1500,1715,1715
182.35,-11.83,84.48,0.23,1500,1500,1716,1716
180.98,-11.35,84.05,0.23,1500,1500,1718,1718
178.89,-10.49,83.54,0.23,1500,1500,1719,1719
176.14,-9.54,83.01,0.23,1500,1500,1721,1721
173.27,-8.41,82.48,0.23,1500,1500,1723,1723
170.40,-7.40,82.16,0.15,1500,1500,1724,1724
166.65,-6.04,82.00,0.15,1500,1500,1725,1725
165.16,-5.27,82.04,0.15,1500,1500,1726,1726
164.49,-4.65,82.21,0.15,1500,1500,1727,1727
164.60,-4.19,82.46,0.15,1500,1500,1727,1727
165.02,-3.92,82.76,0.15,1500,1500,1727,1727
165.30,-3.75,83.07,0.15,1500,1500,1727,1727
165.08,-3.62,83.37,0.15,1500,1500,1727,1727
164.49,-3.50,83.73,0.15,1500,1500,1727,1727
163.62,-3.54,84.03,0.13,1500,1500,1727,1727
162.69,-3.63,84.62,0.13,1500,1500,1726,1726
162.98,-4.08,84.82,0.13,1500,1500,1727,1727
164.09,-4.66,84.95,0.13,1500,1500,1727,1727
165.34,-5.76,84.56,0.13,1500,1500,1728,1728
165.57,-6.61,83.63,0.13,1500,1500,1730,1730
165.16,-7.13,82.48,0.13,1500,1500,1733,1733
165.26,-7.77,81.23,0.13,1500,1500,1737,1737
165.99,-8.47,79.73,0.13,1500,1500,1741,1741
167.35,-9.68,78.33,0.13,1500,1500,1745,1745
167.89,-11.48,76.67,0.13,1500,1500,1750,1750
168.24,-12.88,75.85,0.13,1500,1500,1753,1753
167.83,-13.90,75.01,0.13,1500,1500,1756,1756
167.04,-14.90,73.87,0.13,1500,1500,1760,1760
165.64,-15.01,73.26,0.13,1500,1500,1763,1763
163.97,-14.54,73.21,0.13,1500,1500,1764,1764
162.52,-13.98,73.57,0.13,1500,1500,1765,1765
161.28,-13.50,74.14,0.13,1500,1500,1766,1766
160.25,-13.10,74.89,0.13,1500,1500,1766,1766
159.21,-12.68,76.01,0.13,1500,1500,1765,1765
158.96,-12.48,76.95,0.13,1500,1500,1765,1765
159.07,-12.45,77.82,0.13,1500,1500,1764,1764
159.62,-12.61,78.57,0.13,1500,1500,1764,1764
160.32,-12.87,79.19,0.13,1500,1500,1763,1763
161.16,-13.26,79.77,0.13,1500,1500,1763,1763
162.40,-13.84,80.41,0.13,1500,1500,1763,1763
163.92,-14.45,81.06,0.13,1500,1500,1763,1763
165.38,-15.06,81.58,0.12,1500,1500,1762,1762
167.32,-15.67,82.13,0.12,1500,1500,1762,1762
168.53,-16.13,82.55,0.12,1500,1500,1762,1762
169.71,-16.50,82.79,0.12,1500,1500,1762,1762
170.52,-16.64,82.78,0.12,1500,1500,1763,1763
171.07,-16.61,82.58,0.12,1500,1500,1764,1764
171.35,-16.49,82.16,0.12,1500,1500,1766,1766
171.75,-16.41,81.76,0.12,1500,1500,1767,1767
172.44,-16.51,81.36,0.12,1500,1500,1769,1769
174.02,-16.93,81.10,0.12,1500,1500,1770,1770
175.94,-17.85,80.53,0.12,1500,1500,1772,1772
176.02,-18.08,79.42,0.12,1500,1500,1776,1776
175.89,-18.39,78.64,0.12,1500,1500,1778,1778
175.78,-18.86,77.92,0.12,1500,1500,1781,1781
175.80,-19.52,77.37,0.12,1500,1500,1783,1783
175.22,-19.97,76.83,0.12,1500,1500,1786,1786
175.18,-20.27,76.52,0.12,1500,1500,1788,1788
174.74,-20.40,76.33,0.12,1500,1500,1789,1789
174.09,-20.24,76.19,0.13,1500,1500,1791,1791
172.19,-19.77,76.30,0.13,1500,1500,1792,1792
170.43,-19.22,76.49,0.13,1500,1500,1793,1793
168.21,-18.36,76.60,0.13,1500,1500,1794,1794
165.73,-17.46,77.01,0.13,1500,1500,1795,1795
163.48,-16.84,77.66,0.13,1500,1500,1795,1795
162.00,-16.29,78.41,0.13,1500,1500,1794,1794
160.84,-15.85,79.35,0.13,1500,1500,1794,1794
160.51,-15.58,80.66,0.13,1500,1500,1792,1792
160.63,-15.27,81.96,0.12,1500,1500,1790,1790
161.13,-14.98,83.90,0.12,1500,1500,1787,1787
161.56,-14.78,85.14,0.12,1500,1500,1785,1785
161.75,-14.60,86.28,0.12,1500,1500,1783,1783
161.91,-14.38,87.21,0.12,1500,1500,1782,1782
161.96,-13.96,87.71,0.12,1500,1500,1781,1781
162.20,-13.50,88.02,0.12,1500,1500,1780,1780
162.32,-13.03,88.16,0.12,1500,1500,1780,1780
162.49,-12.55,88.19,0.12,1500,1500,1780,1780
162.65,-12.37,88.26,0.12,1500,1500,1780,1780
162.92,-12.57,88.37,0.12,1500,1500,1780,1780
163.18,-13.03,88.45,0.12,1500,1500,1780,1780
163.36,-13.70,88.51,0.12,1500,1500,1780,1780
163.59,-14.64,88.58,0.12,1500,1500,1780,1780
163.94,-15.58,88.65,0.12,1500,1500,1780,1780
164.46,-16.62,88.61,0.12,1500,1500,1781,1781
165.02,-17.71,88.44,0.12,1500,1500,1781,1781
165.51,-18.95,88.15,0.12,1500,1500,1782,1782
165.84,-20.12,87.71,0.12,1500,1500,1783,1783
165.83,-21.69,86.71,0.12,1500,1500,1785,1785
165.24,-22.46,85.82,0.12,1500,1500,1787,1787
164.55,-22.88,84.92,0.12,1500,1500,1790,1790
163.68,-23.09,83.95,0.12,1500,1500,1792,1792
163.15,-23.30,83.21,0.12,1500,1500,1794,1794
162.70,-23.33,82.62,0.12,1500,1500,1796,1796
162.58,-23.31,82.16,0.12,1500,1500,1798,1798
162.34,-23.09,81.65,0.12,1500,1500,1800,1800
161.87,-22.73,81.18,0.13,1500,1500,1802,1802
161.34,-22.78,81.03,0.13,1500,1500,1803,1803
161.35,-22.97,81.11,0.13,1500,1500,1804,1804
161.60,-23.29,81.37,0.13,1500,1500,1804,1804
162.17,-23.78,81.76,0.13,1500,1500,1804,1804
163.12,-24.34,82.28,0.13,1500,1500,1804,1804
164.21,-24.88,82.91,0.13,1500,1500,1803,1803
165.49,-25.24,83.69,0.13,1500,1500,1802,1802
166.82,-25.48,84.43,0.13,1500,1500,1801,1801
168.37,-25.53,85.22,0.13,1500,1500,1800,1800
169.97,-25.36,86.10,0.13,1500,1500,1799,1799
171.09,-25.20,86.44,0.13,1500,1500,1799,1799
171.91,-25.03,86.65,0.13,1500,1500,1799,1799
173.03,-24.85,86.86,0.13,1500,1500,1798,1798
174.14,-24.70,87.12,0.13,1500,1500,1798,1798
175.37,-24.61,87.35,0.13,1500,1500,1798,1798
176.60,-24.59,87.50,0.13,1500,1500,1798,1798
177.83,-24.60,87.54,0.13,1500,1500,1798,1798
178.83,-24.60,87.49,0.13,1500,1500,1798,1798
179.84,-24.78,87.19,0.13,1500,1500,1799,1799
180.28,-24.87,86.97,0.13,1500,1500,1800,1800
180.15,-24.85,86.85,0.13,1500,1500,1801,1801
179.82,-24.82,86.78,0.13,1500,1500,1801,1801
179.30,-24.73,86.70,0.13,1500,1500,1802,1802
178.93,-24.62,86.77,0.13,1500,1500,1802,1802
178.64,-24.67,86.93,0.13,1500,1500,1802,1802
178.37,-24.87,87.12,0.13,1500,1500,1802,1802
177.96,-25.16,87.30,0.13,1500,1500,1802,1802
177.20,-25.32,87.16,0.13,1500,1500,1802,1802
176.87,-25.40,87.03,0.13,1500,1500,1803,1803
176.65,-25.54,86.88,0.13,1500,1500,1803,1803
176.37,-25.74,86.67,0.13,1500,1500,1804,1804
176.01,-25.95,86.46,0.13,1500,1500,1805,1805
175.51,-26.12,86.25,0.13,1500,1500,1806,1806
174.93,-26.28,86.04,0.13,1500,1500,1806,1806
174.27,-26.44,85.80,0.13,1500,1500,1807,1807
173.67,-26.59,85.59,0.13,1500,1500,1808,1808
172.84,-26.82,85.29,0.13,1500,1500,1809,1809
173.06,-26.85,85.17,0.13,1500,1500,1810,1810
173.21,-26.81,85.14,0.13,1500,1500,1811,1811
173.16,-26.67,85.15,0.13,1500,1500,1811,1811
173.62,-26.39,85.20,0.13,1500,1500,1811,1811
173.43,-26.00,85.33,0.13,1500,1500,1812,1812
173.25,-25.53,85.56,0.13,1500,1500,1812,1812
173.29,-25.11,85.86,0.13,1500,1500,1811,1811
173.61,-24.74,86.23,0.13,1500,1500,1811,1811
174.02,-24.30,86.81,0.13,1500,1500,1810,1810
174.51,-24.03,87.23,0.13,1500,1500,1810,1810
175.41,-23.90,87.76,0.13,1500,1500,1809,1809
176.70,-23.80,88.37,0.13,1500,1500,1808,1808
178.79,-23.85,89.12,0.13,1500,1500,1806,1806
180.58,-23.50,89.64,0.13,1500,1500,1805,1805
182.92,-22.99,90.30,0.13,1500,1500,1804,1804
185.27,-22.34,91.09,0.13,1500,1500,1802,1802
187.86,-21.52,91.87,0.12,1500,1500,1800,1800
191.28,-20.17,92.87,0.12,1500,1500,1798,1798
-166.09,-19.37,93.60,0.12,1500,1500,1796,1796
-163.34,-18.63,94.20,0.12,1500,1500,1795,1795
-161.02,-18.27,94.63,0.12,1500,1500,1794,1794
-159.13,-18.22,94.90,0.12,1500,1500,1793,1793
-157.92,-18.69,95.19,0.12,1500,1500,1791,1791
-156.89,-19.43,95.70,0.12,1500,1500,1790,1790
-156.25,-20.60,96.50,0.12,1500,1500,1788,1788
-155.47,-22.02,97.46,0.13,1500,1500,1785,1785
-149.31,-24.50,98.93,0.13,1500,1500,1781,1781
-148.87,-26.55,98.31,0.13,1500,1500,1781,1781
-149.89,-28.39,96.18,0.13,1500,1500,1785,1785
-149.82,-29.39,93.43,0.13,1500,1500,1790,1790
-148.36,-29.94,91.46,0.13,1500,1500,1794,1794
-146.51,-30.28,89.87,0.13,1500,1500,1797,1797
-144.76,-30.52,88.56,0.13,1500,1500,1800,1800
-142.32,-30.75,87.90,0.13,1500,1500,1801,1801
-139.01,-30.97,87.71,0.13,1500,1500,1802,1802
-135.17,-31.29,88.98,0.13,1500,1500,1800,1800
-133.81,-31.68,90.33,0.13,1500,1500,1797,1797
-132.29,-31.48,91.27,0.13,1500,1500,1795,1795
-132.15,-30.83,91.55,0.13,1500,1500,1794,1794
-132.09,-30.12,91.85,0.13,1500,1500,1793,1793
-132.22,-29.19,92.12,0.13,1500,1500,1793,1793
-132.55,-28.29,92.49,0.13,1500,1500,1792,1792
-132.67,-27.31,93.01,0.13,1500,1500,1790,1790
-132.27,-26.31,93.55,0.12,1500,1500,1789,1789
-131.91,-24.78,94.04,0.12,1500,1500,1788,1788
-131.40,-23.69,94.52,0.12,1500,1500,1786,1786
-130.08,-22.82,95.22,0.12,1500,1500,1784,1784
-128.65,-22.64,95.94,0.12,1500,1500,1782,1782
-128.29,-22.81,96.14,0.12,1500,1500,1781,1781
-128.53,-23.06,95.89,0.12,1500,1500,1781,1781
-128.81,-23.33,95.63,0.12,1500,1500,1781,1781
-129.07,-23.46,95.44,0.12,1500,1500,1781,1781
-129.33,-23.70,95.26,0.13,1500,1500,1781,1781
-130.21,-24.32,94.67,0.13,1500,1500,1781,1781
-130.50,-24.49,94.28,0.13,1500,1500,1782,1782
-130.57,-24.44,94.13,0.13,1500,1500,1782,1782
-130.90,-24.39,93.92,0.13,1500,1500,1782,1782
-131.50,-24.42,93.50,0.13,1500,1500,1782,1782
-132.54,-24.42,92.78,0.13,1500,1500,1783,1783
-134.23,-24.29,91.71,0.13,1500,1500,1785,1785
-136.45,-23.96,90.32,0.13,1500,1500,1788,1788
-138.89,-23.49,88.78,0.12,1500,1500,1791,1791
-141.97,-23.23,87.00,0.12,1500,1500,1795,1795
-144.20,-22.80,85.71,0.12,1500,1500,1798,1798
-146.23,-22.13,84.70,0.12,1500,1500,1800,1800
-147.85,-21.29,84.13,0.12,1500,1500,1802,1802
-149.21,-20.48,83.93,0.12,1500,1500,1803,1803
-150.14,-19.61,84.14,0.12,1500,1500,1803,1803
-150.84,-18.61,85.16,0.12,1500,1500,1802,1802
-150.26,-17.21,86.67,0.12,1500,1500,1800,1800
-148.51,-16.31,88.09,0.12,1500,1500,1797,1797
-146.38,-15.07,90.51,0.12,1500,1500,1792,1792
-144.77,-13.91,92.61,0.12,1500,1500,1788,1788
-142.96,-12.75,94.95,0.12,1500,1500,1782,1782
-140.86,-11.56,97.62,0.12,1500,1500,1776,1776
-138.66,-10.29,100.08,0.12,1500,1500,1770,1770
-136.76,-9.09,102.44,0.12,1500,1500,1764,1764
-134.89,-8.65,104.76,0.12,1500,1500,1758,1758
-133.56,-9.27,107.00,0.12,1500,1500,1752,1752
-132.63,-9.61,109.02,0.13,1500,1500,1746,1746
-132.12,-9.79,110.74,0.13,1500,1500,1741,1741
-132.72,-10.03,111.85,0.13,1500,1500,1736,1736
-133.55,-10.32,112.71,0.13,1500,1500,1732,1732
-133.54,-10.58,113.51,0.13,1500,1500,1728,1728
-133.56,-10.62,114.12,0.13,1500,1500,1725,1725
-133.84,-10.88,114.16,0.13,1500,1500,1722,1722
-134.04,-10.92,114.21,0.13,1500,1500,1720,1720
-134.29,-10.48,114.31,0.13,1500,1500,1717,1717
-134.76,-10.01,114.12,0.12,1500,1500,1715,1715
-135.65,-8.28,113.46,0.12,1500,1500,1714,1714
-135.99,-6.55,112.98,0.12,1500,1500,1713,1713
-137.90,-5.52,112.75,0.12,1500,1500,1711,1711
-139.87,-4.63,112.71,0.12,1500,1500,1709,1709
-141.81,-3.72,112.53,0.12,1500,1500,1707,1707
-144.07,-2.86,112.47,0.12,1500,1500,1705,1705
-145.08,-1.82,112.65,0.12,1500,1500,1702,1702
-145.30,-1.17,112.95,0.12,1500,1500,1699,1699
-144.85,-0.73,113.18,0.12,1500,1500,1696,1696
-145.17,-0.70,113.44,0.12,1500,1500,1693,1693
-145.64,-0.83,113.44,0.12,1500,1500,1691,1691
-145.93,-1.00,113.44,0.12,1500,1500,1689,1689
-146.24,-1.14,113.44,0.12,1500,1500,1686,1686
-147.22,-1.42,113.43,0.12,1500,1500,1684,1684
-148.67,-1.89,113.30,0.12,1500,1500,1682,1682
-149.03,-2.37,113.06,0.12,1500,1500,1680,1680
-149.14,-2.69,112.70,0.12,1500,1500,1678,1678
-149.05,-3.02,112.43,0.13,1500,1500,1677,1677
-148.83,-3.37,112.29,0.13,1500,1500,1675,1675
-148.70,-3.56,112.23,0.13,1500,1500,1673,1673
-148.60,-3.67,112.16,0.13,1500,1500,1671,1671
-148.57,-3.75,112.10,0.13,1500,1500,1669,1669
-148.58,-3.73,111.97,0.13,1500,1500,1667,1667
-148.66,-3.68,111.67,0.13,1500,1500,1665,1665
-149.03,-3.63,111.28,0.13,1500,1500,1664,1664
-149.29,-3.49,111.08,0.13,1500,1500,1662,1662
-149.39,-3.48,111.37,0.12,1500,1500,1659,1659
-149.78,-3.51,111.63,0.12,1500,1500,1657,1657
-150.04,-3.42,111.65,0.12,1500,1500,1654,1654
-150.07,-3.31,111.78,0.12,1500,1500,1652,1652
-149.81,-3.20,111.87,0.12,1500,1500,1650,1650
-149.37,-3.00,111.92,0.12,1500,1500,1647,1647
-148.80,-2.66,111.84,0.12,1500,1500,1645,1645
-148.59,-2.64,111.88,0.12,1500,1500,1643,1643
-148.63,-2.57,112.09,0.12,1500,1500,1640,1640
-148.67,-2.35,112.17,0.12,1500,1500,1638,1638
-148.18,-2.04,112.42,0.12,1500,1500,1635,1635
-147.65,-2.08,112.57,0.12,1500,1500,1633,1633
-147.13,-2.24,112.66,0.12,1500,1500,1630,1630
-146.54,-2.46,112.63,0.12,1500,1500,1628,1628
-145.75,-2.83,112.57,0.12,1500,1500,1626,1626
-144.95,-3.32,112.49,0.12,1500,1500,1624,1624
-144.25,-3.87,112.26,0.12,1500,1500,1622,1622
-143.68,-4.50,111.86,0.12,1500,1500,1621,1621
-143.55,-5.18,111.23,0.13,1500,1500,1620,1620
-144.32,-6.19,110.59,0.13,1500,1500,1619,1619
-145.44,-6.54,110.36,0.13,1500,1500,1617,1617
-146.92,-6.84,109.91,0.13,1500,1500,1616,1616
-147.98,-6.95,109.47,0.13,1500,1500,1615,1615
-149.09,-7.42,109.53,0.13,1500,1500,1613,1613
-150.52,-7.85,109.65,0.13,1500,1500,1611,1611
-151.83,-8.12,109.74,0.13,1500,1500,1609,1609
-153.05,-7.99,109.82,0.13,1500,1500,1607,1607
-154.43,-7.67,110.00,0.12,1500,1500,1604,1604
-155.33,-6.60,110.46,0.12,1500,1500,1601,1601
-155.22,-5.68,110.83,0.12,1500,1500,1599,1599
-154.76,-4.65,111.38,0.12,1500,1500,1595,1595
-154.05,-3.54,112.04,0.12,1500,1500,1592,1592
-152.94,-2.25,112.37,0.12,1500,1500,1589,1589
-150.87,-1.15,112.45,0.12,1500,1500,1587,1587
-150.00,-0.54,112.55,0.12,1500,1500,1584,1584
-149.62,-0.77,112.98,0.12,1500,1500,1581,1581
-149.55,-1.12,113.43,0.13,1500,1500,1578,1578
-149.74,-1.44,113.78,0.13,1500,1500,1575,1575
-150.07,-1.67,113.91,0.13,1500,1500,1572,1572
-150.85,-2.13,113.96,0.13,1500,1500,1569,1569
-151.96,-2.69,113.86,0.13,1500,1500,1567,1567
-153.14,-2.79,113.66,0.13,1500,1500,1565,1565
-154.25,-2.66,113.45,0.13,1500,1500,1563,1563
-154.72,-2.37,112.87,0.13,1500,1500,1562,1562
-154.12,-1.79,111.62,0.13,1500,1500,1563,1563
-152.79,-1.19,109.86,0.13,1500,1500,1564,1564
-152.09,-0.55,106.76,0.13,1500,1500,1568,1568
-152.89,-0.20,104.02,0.13,1500,1500,1573,1573
-154.81,0.14,101.54,0.13,1500,1500,1577,1577
-157.36,0.47,98.75,0.13,1500,1500,1581,1581
-159.28,0.83,95.78,0.13,1500,1500,1586,1586
-159.87,0.54,92.20,0.13,1500,1500,1593,1593
-159.74,-0.06,88.37,0.13,1500,1500,1601,1601
-159.45,-0.59,84.44,0.13,1500,1500,1609,1609
-160.07,-1.04,80.97,0.12,1500,1500,1617,1617
-162.70,-1.54,77.27,0.12,1500,1500,1626,1626
-165.15,-1.94,75.43,0.12,1500,1500,1631,1631
192.23,-2.10,72.80,0.12,1500,1500,1638,1638
189.91,-2.39,70.01,0.12,1500,1500,1645,1645
187.29,-2.82,67.50,0.12,1500,1500,1653,1653
184.72,-3.17,65.43,0.12,1500,1500,1659,1659
182.58,-3.22,63.62,0.12,1500,1500,1666,1666
180.69,-3.37,61.67,0.12,1500,1500,1673,1673
179.32,-3.72,59.28,0.12,1500,1500,1680,1680
177.06,-4.27,55.85,0.12,1500,1500,1690,1690
174.86,-4.09,53.21,0.12,1500,1500,1699,1699
171.74,-3.26,50.55,0.12,1500,1500,1709,1709
168.41,-2.11,47.71,0.12,1500,1500,1718,1718
165.34,-0.75,45.20,0.12,1500,1500,1728,1728
162.30,0.74,42.98,0.12,1500,1500,1737,1737
160.14,2.01,41.33,0.12,1500,1500,1745,1745
158.73,2.55,40.13,0.12,1500,1500,1753,1753
157.77,2.37,39.54,0.12,1500,1500,1759,1759
156.96,1.94,39.54,0.12,1500,1500,1764,1764
156.90,1.43,40.31,0.12,1500,1500,1768,1768
157.12,0.77,41.42,0.12,1500,1500,1770,1770
157.83,-0.48,42.61,0.12,1500,1500,1773,1773
158.81,-2.34,43.45,0.12,1500,1500,1776,1776
160.40,-4.61,44.41,0.12,1500,1500,1778,1778
162.03,-6.89,45.92,0.12,1500,1500,1780,1780
163.11,-8.11,48.48,0.12,1500,1500,1779,1779
163.42,-8.36,51.27,0.12,1500,1500,1777,1777
162.24,-7.92,54.76,0.12,1500,1500,1773,1773
161.10,-7.81,56.93,0.12,1500,1500,1772,1772
160.13,-7.56,59.31,0.12,1500,1500,1771,1771
159.59,-7.79,61.19,0.12,1500,1500,1770,1770
159.69,-8.56,62.73,0.12,1500,1500,1770,1770
159.89,-9.61,63.98,0.12,1500,1500,1770,1770
159.32,-10.50,64.78,0.12,1500,1500,1771,1771
157.42,-10.93,64.95,0.12,1500,1500,1773,1773
154.90,-11.25,64.66,0.12,1500,1500,1776,1776
151.65,-12.18,63.99,0.12,1500,1500,1780,1780
150.36,-13.58,63.55,0.12,1500,1500,1783,1783
149.13,-14.79,63.03,0.12,1500,1500,1787,1787
147.51,-15.69,62.45,0.12,1500,1500,1791,1791
145.13,-16.04,61.69,0.12,1500,1500,1795,1795
142.91,-16.13,60.94,0.12,1500,1500,1800,1800
141.30,-16.47,60.36,0.12,1500,1500,1804,1804
140.81,-17.98,60.20,0.12,1500,1500,1807,1807
140.75,-19.89,60.33,0.12,1500,1500,1810,1810
138.26,-20.71,59.90,0.12,1500,1500,1814,1814
134.85,-20.09,59.15,0.12,1500,1500,1818,1818
131.04,-19.42,58.37,0.12,1500,1500,1823,1823
127.05,-19.49,57.89,0.12,1500,1500,1827,1827
123.51,-20.37,57.62,0.12,1500,1500,1831,1831
121.72,-22.16,57.58,0.12,1500,1500,1834,1834
118.17,-21.44,56.44,0.12,1500,1500,1840,1840
114.27,-20.59,54.81,0.12,1500,1500,1846,1846
111.31,-20.85,52.95,0.12,1500,1500,1854,1854
109.26,-20.74,51.18,0.12,1500,1500,1862,1862
108.24,-19.39,51.45,0.12,1500,1500,1865,1865
107.48,-17.98,52.57,0.12,1500,1500,1867,1867
108.86,-18.64,53.80,0.12,1500,1500,1867,1867
111.38,-20.41,54.81,0.12,1500,1500,1869,1869
114.42,-21.32,55.20,0.12,1500,1500,1872,1872
116.96,-21.08,55.29,0.12,1500,1500,1875,1875
119.07,-20.91,55.47,0.12,1500,1500,1878,1878
118.87,-20.60,55.14,0.13,1500,1500,1882,1882
118.26,-19.71,54.81,0.13,1500,1500,1886,1886
117.11,-18.68,54.34,0.13,1500,1500,1891,1891
116.44,-18.16,53.89,0.13,1500,1500,1895,1895
115.81,-18.06,53.46,0.13,1500,1500,1900,1900
115.05,-18.18,53.35,0.13,1500,1500,1900,1900
113.83,-18.14,53.68,0.13,1500,1500,1900,1900
112.30,-17.90,54.10,0.13,1500,1500,1900,1900
110.82,-17.73,54.31,0.13,1500,1500,1900,1900
109.42,-17.68,53.95,0.12,1500,1500,1900,1900
108.27,-17.39,52.45,0.12,1500,1500,1900,1900
107.47,-17.22,51.09,0.12,1500,1500,1900,1900
106.45,-17.19,49.80,0.12,1500,1500,1900,1900
105.32,-16.92,49.05,0.12,1500,1500,1900,1900
103.67,-16.38,48.42,0.12,1500,1500,1900,1900
102.12,-15.83,47.99,0.12,1500,1500,1900,1900
100.71,-15.53,47.81,0.12,1500,1500,1900,1900
99.62,-15.66,47.83,0.12,1500,1500,1900,1900
98.82,-16.03,48.02,0.12,1500,1500,1900,1900
98.47,-16.70,48.43,0.12,1500,1500,1900,1900
98.70,-16.81,48.71,0.12,1500,1500,1900,1900
99.45,-16.99,48.92,0.12,1500,1500,1900,1900
100.36,-16.98,49.04,0.12,1500,1500,1900,1900
101.36,-17.16,49.04,0.12,1500,1500,1900,1900
102.16,-17.24,48.91,0.12,1500,1500,1900,1900
102.53,-17.08,48.69,0.12,1500,1500,1900,1900
102.41,-16.68,48.52,0.12,1500,1500,1900,1900
101.94,-16.10,48.31,0.13,1500,1500,1900,1900
100.91,-15.17,47.96,0.13,1500,1500,1900,1900
100.19,-14.55,47.73,0.13,1500,1500,1900,1900
99.73,-14.35,47.62,0.13,1500,1500,1900,1900
99.85,-14.68,47.69,0.13,1500,1500,1900,1900
100.54,-15.52,48.00,0.13,1500,1500,1900,1900
101.62,-16.77,48.45,0.13,1500,1500,1900,1900
102.82,-17.67,48.99,0.13,1500,1500,1900,1900
103.98,-18.25,49.75,0.13,1500,1500,1900,1900
105.10,-18.52,50.58,0.12,1500,1500,1900,1900
106.31,-18.45,51.28,0.12,1500,1500,1900,1900
107.00,-18.21,51.36,0.12,1500,1500,1900,1900
107.55,-18.20,51.26,0.12,1500,1500,1900,1900
107.78,-18.27,50.95,0.12,1500,1500,1900,1900
107.71,-18.19,50.72,0.12,1500,1500,1900,1900
107.48,-18.28,50.52,0.12,1500,1500,1900,1900
107.14,-18.38,50.23,0.12,1500,1500,1900,1900
106.82,-18.50,49.84,0.12,1500,1500,1900,1900
106.59,-18.57,49.54,0.12,1500,1500,1900,1900
106.44,-18.79,49.24,0.12,1500,1500,1900,1900
106.43,-18.85,49.12,0.12,1500,1500,1900,1900
106.53,-18.88,49.01,0.12,1500,1500,1900,1900
106.78,-18.87,48.97,0.12,1500,1500,1900,1900
107.13,-18.82,49.00,0.12,1500,1500,1900,1900
107.63,-18.77,49.05,0.12,1500,1500,1900,1900
108.07,-18.78,49.15,0.12,1500,1500,1900,1900
108.38,-18.76,49.27,0.12,1500,1500,1900,1900
108.53,-18.60,49.41,0.12,1500,1500,1900,1900
108.90,-18.55,49.77,0.12,1500,1500,1900,1900
109.20,-18.49,50.08,0.12,1500,1500,1900,1900
109.39,-18.28,50.49,0.12,1500,1500,1900,1900
109.48,-17.97,51.07,0.12,1500,1500,1900,1900
109.43,-17.59,51.69,0.12,1500,1500,1900,1900
109.42,-17.16,52.44,0.12,1500,1500,1900,1900
109.76,-17.05,53.07,0.12,1500,1500,1900,1900
110.47,-17.19,53.57,0.12,1500,1500,1900,1900
111.37,-17.45,53.82,0.12,1500,1500,1900,1900
112.35,-17.65,53.41,0.12,1500,1500,1900,1900
112.96,-17.67,52.95,0.12,1500,1500,1900,1900
113.56,-17.66,52.56,0.12,1500,1500,1900,1900
114.09,-17.68,52.27,0.12,1500,1500,1900,1900
114.37,-17.38,52.07,0.12,1500,1500,1900,1900
114.33,-16.87,52.03,0.12,1500,1500,1900,1900
114.10,-16.39,52.00,0.12,1500,1500,1900,1900
113.79,-16.13,51.86,0.12,1500,1500,1900,1900
113.55,-15.96,51.67,0.12,1500,1500,1900,1900
113.38,-15.95,51.44,0.12,1500,1500,1900,1900
113.54,-16.09,51.30,0.12,1500,1500,1900,1900
113.79,-16.31,51.11,0.12,1500,1500,1900,1900
113.98,-16.47,50.87,0.12,1500,1500,1900,1900
114.00,-16.42,50.61,0.12,1500,1500,1900,1900
113.85,-16.32,50.31,0.12,1500,1500,1900,1900
113.53,-16.23,49.94,0.12,1500,1500,1900,1900
112.95,-16.10,49.60,0.12,1500,1500,1900,1900
112.02,-15.71,49.35,0.12,1500,1500,1900,1900
110.39,-15.17,50.17,0.12,1500,1500,1900,1900
109.54,-14.59,51.59,0.12,1500,1500,1900,1900
109.25,-14.39,53.42,0.12,1500,1500,1900,1900
110.09,-14.97,55.59,0.12,1500,1500,1900,1900
111.26,-15.67,58.26,0.12,1500,1500,1900,1900
110.65,-14.91,60.69,0.12,1500,1500,1900,1900
110.41,-14.53,62.68,0.12,1500,1500,1900,1900
111.21,-15.19,64.26,0.12,1500,1500,1900,1900
112.52,-16.06,64.10,0.12,1500,1500,1900,1900
114.85,-17.64,63.47,0.12,1500,1500,1900,1900
116.84,-18.55,63.12,0.12,1500,1500,1900,1900
118.18,-19.34,62.46,0.12,1500,1500,1900,1900
118.76,-19.51,61.56,0.12,1500,1500,1900,1900
118.72,-19.44,60.79,0.12,1500,1500,1900,1900
117.77,-19.23,60.10,0.12,1500,1500,1900,1900
116.24,-18.70,59.78,0.12,1500,1500,1900,1900
114.20,-18.11,60.18,0.12,1500,1500,1900,1900
111.91,-17.43,61.17,0.13,1500,1500,1900,1900
108.79,-16.90,63.22,0.13,1500,1500,1900,1900
105.86,-16.05,63.87,0.13,1500,1500,1900,1900
102.99,-15.29,64.77,0.13,1500,1500,1900,1900
100.07,-14.28,65.76,0.13,1500,1500,1900,1900
97.60,-13.18,67.00,0.13,1500,1500,1900,1900
95.36,-12.03,68.33,0.13,1500,1500,1900,1900
92.50,-10.48,69.57,0.13,1500,1500,1900,1900
90.55,-8.99,71.07,0.13,1500,1500,1900,1900
88.79,-7.66,72.46,0.13,1500,1500,1900,1900
87.87,-6.03,74.19,0.13,1500,1500,1900,1900
88.16,-5.61,75.57,0.13,1500,1500,1900,1900
89.21,-4.83,75.65,0.13,1500,1500,1900,1900
91.29,-4.09,75.51,0.13,1500,1500,1900,1900
94.56,-4.07,74.33,0.13,1500,1500,1900,1900
99.32,-4.76,71.88,0.13,1500,1500,1900,1900
104.81,-5.58,68.74,0.13,1500,1500,1900,1900
109.92,-5.74,65.28,0.13,1500,1500,1900,1900
113.66,-5.61,61.78,0.13,1500,1500,1900,1900
118.43,-6.65,57.41,0.13,1500,1500,1900,1900
121.71,-7.84,55.59,0.13,1500,1500,1900,1900
123.94,-9.18,55.22,0.13,1500,1500,1900,1900
125.57,-10.49,56.23,0.13,1500,1500,1900,1900
125.97,-11.23,58.28,0.13,1500,1500,1900,1900
125.23,-11.27,60.49,0.13,1500,1500,1900,1900
122.40,-10.55,62.98,0.13,1500,1500,1900,1900
118.57,-9.83,65.63,0.13,1500,1500,1900,1900
113.67,-8.63,68.15,0.12,1500,1500,1900,1900
105.39,-6.52,68.27,0.12,1500,1500,1900,1900
100.71,-5.31,67.27,0.12,1500,1500,1900,1900
97.60,-5.19,66.87,0.12,1500,1500,1900,1900
94.18,-4.89,66.74,0.12,1500,1500,1900,1900
92.79,-4.97,66.92,0.12,1500,1500,1900,1900
91.45,-4.74,66.93,0.12,1500,1500,1900,1900
91.09,-4.23,67.91,0.12,1500,1500,1900,1900
90.86,-3.51,69.26,0.12,1500,1500,1900,1900
90.89,-2.66,71.11,0.12,1500,1500,1900,1900
91.79,-1.49,73.79,0.12,1500,1500,1900,1900
92.94,-0.83,75.46,0.12,1500,1500,1900,1900
95.87,-0.46,76.51,0.12,1500,1500,1900,1900
100.37,-0.74,77.10,0.12,1500,1500,1900,1900
104.86,-0.81,77.39,0.12,1500,1500,1900,1900
110.50,-1.17,77.59,0.12,1500,1500,1900,1900
116.31,-1.71,77.53,0.12,1500,1500,1900,1900
122.01,-2.14,77.42,0.12,1500,1500,1900,1900
127.27,-2.43,77.06,0.13,1500,1500,1900,1900
136.05,-3.82,76.64,0.13,1500,1500,1900,1900
140.58,-4.68,76.73,0.13,1500,1500,1900,1900
144.05,-5.21,77.06,0.13,1500,1500,1900,1900
145.87,-5.37,77.83,0.13,1500,1500,1900,1900
147.22,-5.08,78.29,0.13,1500,1500,1900,1900
147.79,-4.45,78.65,0.13,1500,1500,1900,1900
147.97,-3.74,79.02,0.13,1500,1500,1900,1900
148.13,-2.95,79.36,0.13,1500,1500,1900,1900
149.32,-2.46,79.28,0.12,1500,1500,1900,1900
155.00,-2.82,79.18,0.12,1500,1500,1900,1900
159.38,-3.82,79.15,0.12,1500,1500,1900,1900
163.22,-4.77,79.49,0.12,1500,1500,1900,1900
165.62,-5.25,79.83,0.12,1500,1500,1900,1900
167.33,-5.57,79.93,0.12,1500,1500,1900,1900
167.62,-5.57,79.91,0.12,1500,1500,1900,1900
166.93,-5.15,79.68,0.12,1500,1500,1900,1900
165.78,-4.58,79.41,0.12,1500,1500,1900,1900
165.39,-4.58,78.74,0.12,1500,1500,1900,1900
165.19,-4.71,77.66,0.12,1500,1500,1900,1900
164.99,-4.69,76.95,0.12,1500,1500,1900,1900
164.86,-4.50,76.45,0.12,1500,1500,1900,1900
164.83,-4.23,76.09,0.12,1500,1500,1900,1900
165.19,-3.89,75.71,0.12,1500,1500,1900,1900
165.85,-3.60,75.38,0.12,1500,1500,1900,1900
166.02,-3.53,75.48,0.12,1500,1500,1900,1900
166.43,-3.73,75.59,0.12,1500,1500,1900,1900
166.87,-3.85,75.55,0.12,1500,1500,1900,1900
167.16,-4.04,75.42,0.12,1500,1500,1900,1900
167.02,-4.30,74.90,0.12,1500,1500,1900,1900
166.21,-4.30,74.11,0.12,1500,1500,1900,1900
165.38,-4.16,73.57,0.12,1500,1500,1900,1900
165.19,-4.33,73.11,0.12,1500,1500,1900,1900
165.76,-5.03,72.68,0.12,1500,1500,1900,1900
166.46,-6.00,72.21,0.12,1500,1500,1900,1900
166.67,-6.44,72.03,0.12,1500,1500,1900,1900
166.48,-6.33,71.88,0.12,1500,1500,1900,1900
166.23,-6.23,71.72,0.12,1500,1500,1900,1900
166.47,-6.42,71.66,0.12,1500,1500,1900,1900
166.62,-6.55,71.59,0.12,1500,1500,1900,1900
166.62,-6.60,71.49,0.12,1500,1500,1900,1900
166.61,-6.61,71.39,0.12,1500,1500,1900,1900
166.63,-6.68,71.28,0.12,1500,1500,1900,1900
166.62,-6.73,71.18,0.12,1500,1500,1900,1900
166.71,-6.77,71.15,0.12,1500,1500,1900,1900
166.92,-6.83,71.16,0.12,1500,1500,1900,1900
167.28,-6.94,71.21,0.12,1500,1500,1900,1900
167.47,-6.98,71.26,0.12,1500,1500,1900,1900
167.65,-6.91,71.33,0.12,1500,1500,1900,1900
167.79,-6.80,71.43,0.12,1500,1500,1900,1900
167.84,-6.64,71.49,0.12,1500,1500,1900,1900
167.87,-6.53,71.46,0.12,1500,1500,1900,1900
167.82,-6.41,71.37,0.12,1500,1500,1900,1900
167.84,-6.35,71.28,0.12,1500,1500,1900,1900
167.81,-6.33,71.16,0.12,1500,1500,1900,1900
167.81,-6.33,70.97,0.12,1500,1500,1900,1900
167.80,-6.33,70.89,0.12,1500,1500,1900,1900
167.80,-6.33,70.88,0.12,1500,1500,1900,1900
167.86,-6.35,70.95,0.12,1500,1500,1900,1900
168.05,-6.42,71.10,0.12,1500,1500,1900,1900
168.24,-6.47,71.33,0.12,1500,1500,1900,1900
168.49,-6.45,71.65,0.12,1500,1500,1900,1900
168.85,-6.41,72.06,0.12,1500,1500,1900,1900
169.15,-6.33,72.49,0.13,1500,1500,1900,1900
170.10,-6.57,72.92,0.13,1500,1500,1900,1900
170.34,-6.85,72.87,0.13,1500,1500,1900,1900
170.30,-6.96,72.78,0.13,1500,1500,1900,1900
170.09,-6.84,72.59,0.13,1500,1500,1900,1900
169.96,-6.83,72.43,0.13,1500,1500,1900,1900
169.96,-6.94,72.23,0.13,1500,1500,1900,1900
169.84,-7.01,72.01,0.13,1500,1500,1900,1900
169.73,-7.07,71.82,0.13,1500,1500,1900,1900
169.78,-7.16,71.74,0.12,1500,1500,1900,1900
169.96,-7.22,71.73,0.12,1500,1500,1900,1900
170.10,-7.27,71.81,0.12,1500,1500,1900,1900
170.22,-7.32,71.88,0.12,1500,1500,1900,1900
170.34,-7.36,71.87,0.12,1500,1500,1900,1900
170.27,-7.36,71.82,0.12,1500,1500,1900,1900
170.23,-7.34,71.70,0.12,1500,1500,1900,1900
170.19,-7.31,71.58,0.12,1500,1500,1900,1900
170.14,-7.42,71.41,0.12,1500,1500,1900,1900
170.14,-7.54,71.22,0.12,1500,1500,1900,1900
170.30,-7.85,71.05,0.12,1500,1500,1900,1900
170.59,-8.11,71.11,0.12,1500,1500,1900,1900
170.93,-8.25,71.38,0.12,1500,1500,1900,1900
171.48,-8.37,71.80,0.12,1500,1500,1900,1900
171.97,-8.33,72.31,0.12,1500,1500,1900,1900
172.26,-8.10,72.74,0.12,1500,1500,1900,1900
172.38,-7.72,73.12,0.12,1500,1500,1900,1900
172.48,-7.23,73.42,0.12,1500,1500,1900,1900
173.14,-7.19,73.58,0.12,1500,1500,1900,1900
173.32,-7.40,73.59,0.12,1500,1500,1900,1900
173.31,-7.50,73.53,0.12,1500,1500,1900,1900
173.45,-7.47,73.48,0.12,1500,1500,1900,1900
173.57,-7.48,73.44,0.12,1500,1500,1900,1900
173.75,-7.64,73.42,0.12,1500,1500,1900,1900
174.00,-7.85,73.49,0.12,1500,1500,1900,1900
174.27,-8.09,73.59,0.12,1500,1500,1900,1900
174.55,-8.41,73.69,0.12,1500,1500,1900,1900
174.92,-8.77,73.88,0.12,1500,1500,1900,1900
175.81,-9.49,74.32,0.12,1500,1500,1900,1900
176.76,-10.25,74.83,0.12,1500,1500,1900,1900
178.13,-11.10,75.42,0.12,1500,1500,1900,1900
178.53,-11.42,75.59,0.12,1500,1500,1900,1900
178.32,-11.37,75.64,0.12,1500,1500,1900,1900
178.62,-11.63,75.72,0.12,1500,1500,1900,1900
178.94,-11.71,75.80,0.12,1500,1500,1900,1900
179.58,-11.93,75.81,0.12,1500,1500,1900,1900
180.34,-12.13,75.73,0.13,1500,1500,1900,1900
182.85,-13.44,74.94,0.13,1500,1500,1900,1900
183.18,-13.39,74.97,0.13,1500,1500,1900,1900
183.26,-13.55,75.09,0.13,1500,1500,1900,1900
183.54,-13.74,75.22,0.13,1500,1500,1900,1900
184.14,-13.87,75.68,0.13,1500,1500,1900,1900
186.41,-14.03,76.29,0.13,1500,1500,1900,1900
188.39,-14.14,77.09,0.13,1500,1500,1900,1900
190.21,-14.17,77.79,0.13,1500,1500,1900,1900
191.72,-14.17,78.42,0.12,1500,1500,1900,1900
-166.82,-14.07,79.24,0.12,1500,1500,1900,1900
-165.67,-13.85,79.74,0.12,1500,1500,1900,1900
-164.42,-13.63,80.43,0.12,1500,1500,1900,1900
-162.20,-13.53,81.28,0.12,1500,1500,1900,1900
-159.69,-13.61,82.08,0.12,1500,1500,1900,1900
-157.86,-13.75,82.45,0.12,1500,1500,1900,1900
-157.11,-13.79,82.52,0.12,1500,1500,1900,1900
-157.13,-13.73,82.53,0.12,1500,1500,1900,1900
-156.43,-13.87,82.66,0.12,1500,1500,1900,1900
-153.95,-14.30,83.23,0.12,1500,1500,1900,1900
-151.54,-14.59,83.74,0.12,1500,1500,1900,1900
-149.09,-14.77,84.23,0.12,1500,1500,1900,1900
-147.47,-14.78,84.60,0.12,1500,1500,1900,1900
-146.26,-14.78,85.07,0.12,1500,1500,1900,1900
-144.03,-15.00,85.50,0.12,1500,1500,1900,1900
-142.27,-15.21,85.99,0.12,1500,1500,1900,1900
-140.86,-15.38,86.29,0.12,1500,1500,1900,1900
-139.90,-15.73,86.43,0.12,1500,1500,1900,1900
-138.65,-16.28,86.50,0.12,1500,1500,1900,1900
-138.73,-16.64,86.27,0.12,1500,1500,1900,1900
-140.27,-16.67,85.66,0.12,1500,1500,1900,1900
-142.81,-16.55,84.71,0.12,1500,1500,1900,1900
-145.72,-16.35,83.68,0.12,1500,1500,1900,1900
-148.32,-16.38,82.67,0.12,1500,1500,1900,1900
-150.56,-16.56,81.99,0.12,1500,1500,1900,1900
-152.11,-17.04,81.38,0.12,1500,1500,1900,1900
-153.01,-17.21,80.95,0.12,1500,1500,1900,1900
-153.95,-17.07,80.64,0.12,1500,1500,1900,1900
-155.70,-16.58,80.37,0.12,1500,1500,1900,1900
-157.67,-15.86,80.17,0.12,1500,1500,1900,1900
-158.42,-15.34,80.17,0.12,1500,1500,1900,1900
-157.63,-15.43,80.51,0.12,1500,1500,1900,1900
-156.39,-15.64,80.90,0.12,1500,1500,1900,1900
-155.03,-15.82,81.55,0.12,1500,1500,1900,1900
-153.35,-16.04,82.06,0.12,1500,1500,1900,1900
-151.79,-16.26,82.49,0.13,1500,1500,1900,1900
-150.35,-16.48,83.04,0.13,1500,1500,1900,1900
-149.64,-16.59,83.13,0.13,1500,1500,1900,1900
-149.20,-16.77,83.17,0.13,1500,1500,1900,1900
-149.37,-16.80,83.01,0.13,1500,1500,1900,1900
-149.83,-16.84,82.85,0.13,1500,1500,1900,1900
-150.52,-16.73,82.52,0.13,1500,1500,1900,1900
-151.28,-16.52,82.12,0.13,1500,1500,1900,1900
-152.51,-16.24,81.64,0.13,1500,1500,1900,1900
-153.81,-16.00,81.10,0.12,1500,1500,1900,1900
-154.97,-15.76,80.63,0.12,1500,1500,1900,1900
-155.03,-15.63,80.61,0.12,1500,1500,1900,1900
-154.45,-15.69,80.77,0.12,1500,1500,1900,1900
-153.81,-15.74,80.98,0.12,1500,1500,1900,1900
-153.31,-15.83,81.21,0.12,1500,1500,1900,1900
-153.32,-15.76,81.28,0.12,1500,1500,1900,1900
-153.70,-15.73,81.22,0.12,1500,1500,1900,1900
-154.29,-15.80,80.85,0.12,1500,1500,1900,1900
-154.99,-16.12,80.22,0.12,1500,1500,1900,1900
-156.63,-16.48,78.81,0.12,1500,1500,1900,1900
-157.33,-17.04,77.76,0.12,1500,1500,1900,1900
-157.96,-18.13,76.58,0.12,1500,1500,1900,1900
-162.37,-17.37,74.54,0.12,1500,1500,1900,1900
192.09,-15.94,72.80,0.12,1500,1500,1900,1900
189.28,-15.05,71.78,0.12,1500,1500,1900,1900
187.74,-14.57,71.17,0.12,1500,1500,1900,1900
187.78,-14.70,70.91,0.12,1500,1500,1900,1900
188.56,-15.09,70.72,0.12,1500,1500,1900,1900
189.91,-15.45,70.36,0.12,1500,1500,1900,1900
190.94,-15.74,69.97,0.12,1500,1500,1900,1900
192.22,-16.29,69.43,0.12,1500,1500,1900,1900
-166.63,-17.15,68.70,0.12,1500,1500,1900,1900
-166.99,-17.55,67.34,0.12,1500,1500,1900,1900
190.65,-16.98,65.45,0.12,1500,1500,1900,1900
187.24,-16.12,63.35,0.12,1500,1500,1900,1900
184.40,-15.66,61.20,0.12,1500,1500,1900,1900
181.91,-15.26,58.90,0.12,1500,1500,1900,1900
180.31,-16.18,56.08,0.12,1500,1500,1900,1900
178.52,-16.59,53.67,0.12,1500,1500,1900,1900
175.93,-15.75,51.46,0.12,1500,1500,1900,1900
173.84,-15.15,49.62,0.12,1500,1500,1900,1900
172.32,-15.22,48.23,0.12,1500,1500,1900,1900
171.69,-16.10,47.21,0.12,1500,1500,1900,1900
170.62,-15.58,46.64,0.12,1500,1500,1900,1900
168.77,-14.08,46.32,0.12,1500,1500,1900,1900
167.76,-13.49,46.52,0.12,1500,1500,1900,1900
167.95,-14.44,47.78,0.12,1500,1500,1900,1900
167.76,-14.72,48.89,0.12,1500,1500,1900,1900
165.99,-14.00,49.78,0.12,1500,1500,1900,1900
164.68,-13.97,50.49,0.12,1500,1500,1900,1900
163.28,-14.14,50.78,0.12,1500,1500,1900,1900
161.55,-14.03,50.81,0.12,1500,1500,1900,1900
160.20,-13.62,50.64,0.12,1500,1500,1900,1900
159.75,-13.16,50.30,0.12,1500,1500,1900,1900
160.63,-14.08,50.24,0.12,1500,1500,1900,1900
161.37,-14.97,50.12,0.12,1500,1500,1900,1900
161.51,-15.22,50.22,0.12,1500,1500,1900,1900
161.75,-15.38,50.36,0.12,1500,1500,1900,1900
162.02,-15.63,50.42,0.12,1500,1500,1900,1900
162.09,-15.79,50.46,0.12,1500,1500,1900,1900
161.98,-15.63,50.45,0.12,1500,1500,1900,1900
161.81,-15.36,50.49,0.12,1500,1500,1900,1900
161.49,-14.91,50.59,0.12,1500,1500,1900,1900
161.15,-14.49,50.70,0.12,1500,1500,1900,1900
161.45,-14.58,50.95,0.12,1500,1500,1900,1900
161.82,-14.75,51.04,0.12,1500,1500,1900,1900
161.87,-14.71,50.99,0.12,1500,1500,1900,1900
161.88,-14.68,50.96,0.12,1500,1500,1900,1900
162.06,-14.71,51.00,0.12,1500,1500,1900,1900
162.08,-14.63,51.06,0.12,1500,1500,1900,1900
161.87,-14.37,51.16,0.12,1500,1500,1900,1900
161.99,-14.47,51.43,0.12,1500,1500,1900,1900
162.42,-14.84,51.79,0.12,1500,1500,1900,1900
162.60,-14.94,52.29,0.12,1500,1500,1900,1900
162.59,-14.91,52.65,0.12,1500,1500,1900,1900
162.63,-14.99,52.99,0.12,1500,1500,1900,1900
162.69,-14.96,53.22,0.12,1500,1500,1900,1900
162.80,-15.08,53.40,0.12,1500,1500,1900,1900
162.78,-15.08,53.49,0.12,1500,1500,1900,1900
162.85,-15.14,53.53,0.12,1500,1500,1900,1900
162.98,-15.25,53.48,0.12,1500,1500,1900,1900
163.02,-15.36,53.35,0.13,1500,1500,1900,1900
162.87,-15.43,53.12,0.13,1500,1500,1900,1900
162.73,-15.44,52.89,0.13,1500,1500,1900,1900
162.63,-15.51,52.69,0.13,1500,1500,1900,1900
162.56,-15.58,52.58,0.13,1500,1500,1900,1900
162.41,-15.59,52.47,0.13,1500,1500,1900,1900
162.12,-15.44,52.37,0.13,1500,1500,1900,1900
162.02,-15.29,52.36,0.13,1500,1500,1900,1900
162.10,-15.27,52.43,0.13,1500,1500,1900,1900
162.13,-15.22,52.57,0.12,1500,1500,1900,1900
162.26,-15.15,52.79,0.12,1500,1500,1900,1900
162.42,-15.11,53.04,0.12,1500,1500,1900,1900
162.59,-15.03,53.46,0.12,1500,1500,1900,1900
162.69,-14.84,54.01,0.12,1500,1500,1900,1900
162.80,-14.57,54.74,0.12,1500,1500,1900,1900
162.91,-14.24,55.39,0.12,1500,1500,1900,1900
163.75,-14.61,55.91,0.12,1500,1500,1900,1900
164.38,-14.94,55.89,0.12,1500,1500,1900,1900
164.03,-14.55,55.45,0.12,1500,1500,1900,1900
163.05,-14.10,54.87,0.12,1500,1500,1900,1900
162.55,-14.33,54.65,0.12,1500,1500,1900,1900
160.97,-13.85,54.44,0.12,1500,1500,1900,1900
160.33,-13.85,54.38,0.12,1500,1500,1900,1900
160.18,-13.94,54.52,0.12,1500,1500,1900,1900
160.07,-14.07,54.70,0.12,1500,1500,1900,1900
159.98,-14.19,54.82,0.12,1500,1500,1900,1900
159.92,-14.26,54.91,0.12,1500,1500,1900,1900
159.62,-14.26,55.01,0.12,1500,1500,1900,1900
159.64,-14.27,55.17,0.12,1500,1500,1900,1900
159.77,-14.28,55.30,0.12,1500,1500,1900,1900
159.91,-14.32,55.37,0.12,1500,1500,1900,1900
160.25,-14.42,55.44,0.12,1500,1500,1900,1900
160.28,-14.52,55.51,0.12,1500,1500,1900,1900
160.49,-14.60,55.56,0.12,1500,1500,1900,1900
160.67,-14.64,55.58,0.12,1500,1500,1900,1900
160.69,-14.68,55.55,0.12,1500,1500,1900,1900
160.72,-14.71,55.45,0.12,1500,1500,1900,1900
160.47,-14.65,55.30,0.12,1500,1500,1900,1900
160.36,-14.61,55.21,0.12,1500,1500,1900,1900
160.19,-14.52,55.06,0.12,1500,1500,1900,1900
160.03,-14.52,54.92,0.12,1500,1500,1900,1900
159.99,-14.59,54.82,0.12,1500,1500,1900,1900
160.04,-14.70,54.80,0.12,1500,1500,1900,1900
160.04,-14.78,54.77,0.12,1500,1500,1900,1900
160.01,-14.84,54.74,0.12,1500,1500,1900,1900
159.95,-14.90,54.68,0.12,1500,1500,1900,1900
159.83,-14.87,54.68,0.12,1500,1500,1900,1900
159.79,-14.84,54.75,0.12,1500,1500,1900,1900
159.90,-14.91,54.81,0.12,1500,1500,1900,1900
160.16,-15.11,54.91,0.12,1500,1500,1900,1900
160.51,-15.26,55.04,0.12,1500,1500,1900,1900
160.99,-15.43,55.22,0.12,1500,1500,1900,1900
161.61,-15.67,55.47,0.12,1500,1500,1900,1900
162.05,-15.66,55.69,0.12,1500,1500,1900,1900
162.05,-15.16,55.83,0.12,1500,1500,1900,1900
162.69,-15.26,56.28,0.12,1500,1500,1900,1900
162.79,-15.16,56.39,0.12,1500,1500,1900,1900
162.39,-14.74,56.23,0.12,1500,1500,1900,1900
161.51,-14.21,55.88,0.12,1500,1500,1900,1900
160.46,-13.66,55.37,0.12,1500,1500,1900,1900
159.41,-13.18,54.81,0.12,1500,1500,1900,1900
158.91,-13.26,54.42,0.12,1500,1500,1900,1900
159.00,-13.76,54.25,0.12,1500,1500,1900,1900
158.98,-13.50,54.23,0.13,1500,1500,1900,1900
159.45,-13.54,54.80,0.13,1500,1500,1900,1900
159.70,-13.41,55.36,0.13,1500,1500,1900,1900
160.21,-13.39,55.86,0.13,1500,1500,1900,1900
161.03,-13.58,56.11,0.13,1500,1500,1900,1900
161.33,-13.37,56.07,0.13,1500,1500,1900,1900
161.85,-13.56,56.05,0.13,1500,1500,1900,1900
162.15,-13.84,56.01,0.13,1500,1500,1900,1900
161.89,-13.75,55.90,0.13,1500,1500,1900,1900
161.48,-13.59,55.77,0.12,1500,1500,1900,1900
161.13,-13.42,55.70,0.12,1500,1500,1900,1900
161.33,-13.65,55.81,0.12,1500,1500,1900,1900
161.68,-13.88,55.95,0.12,1500,1500,1900,1900
162.27,-14.27,56.09,0.12,1500,1500,1900,1900
162.91,-14.70,56.25,0.12,1500,1500,1900,1900
163.59,-15.00,56.42,0.12,1500,1500,1900,1900
164.14,-15.22,56.56,0.12,1500,1500,1900,1900
164.63,-15.46,56.65,0.12,1500,1500,1900,1900
164.94,-15.67,56.62,0.12,1500,1500,1900,1900
164.43,-15.46,56.22,0.12,1500,1500,1900,1900
163.75,-15.04,55.71,0.12,1500,1500,1900,1900
163.46,-15.04,55.25,0.12,1500,1500,1900,1900
162.85,-14.98,54.76,0.12,1500,1500,1900,1900
162.18,-14.68,54.36,0.12,1500,1500,1900,1900
161.86,-14.56,54.13,0.12,1500,1500,1900,1900
161.87,-14.91,54.11,0.12,1500,1500,1900,1900
161.20,-14.39,54.06,0.12,1500,1500,1900,1900
161.53,-14.38,54.42,0.12,1500,1500,1900,1900
162.37,-14.37,55.28,0.12,1500,1500,1900,1900
163.34,-14.50,55.96,0.12,1500,1500,1900,1900
164.37,-14.68,56.52,0.12,1500,1500,1900,1900
165.05,-14.37,57.04,0.12,1500,1500,1900,1900
166.05,-14.52,57.72,0.12,1500,1500,1900,1900
166.83,-14.62,58.35,0.12,1500,1500,1900,1900
167.26,-14.59,58.71,0.12,1500,1500,1900,1900
167.56,-14.66,58.81,0.12,1500,1500,1900,1900
167.35,-14.57,58.62,0.12,1500,1500,1900,1900
167.00,-14.39,58.25,0.12,1500,1500,1900,1900
167.01,-14.53,58.12,0.12,1500,1500,1900,1900
167.20,-14.78,58.08,0.12,1500,1500,1900,1900
167.62,-15.05,58.16,0.12,1500,1500,1900,1900
168.20,-15.50,58.33,0.12,1500,1500,1900,1900
168.67,-15.81,58.48,0.12,1500,1500,1900,1900
169.17,-16.15,58.64,0.12,1500,1500,1900,1900
169.64,-16.40,58.69,0.12,1500,1500,1900,1900
170.02,-16.62,58.57,0.13,1500,1500,1900,1900
170.03,-16.80,58.14,0.13,1500,1500,1900,1900
169.60,-16.74,57.74,0.13,1500,1500,1900,1900
169.19,-16.82,57.39,0.13,1500,1500,1900,1900
168.62,-16.96,56.97,0.13,1500,1500,1900,1900
167.86,-16.99,56.51,0.13,1500,1500,1900,1900
166.65,-16.49,55.93,0.13,1500,1500,1900,1900
165.58,-16.02,55.57,0.13,1500,1500,1900,1900
165.23,-16.08,55.45,0.13,1500,1500,1900,1900
164.46,-15.56,55.37,0.12,1500,1500,1900,1900
163.74,-14.71,55.65,0.12,1500,1500,1900,1900
164.19,-14.61,56.05,0.12,1500,1500,1900,1900
165.11,-14.71,56.58,0.12,1500,1500,1900,1900
165.94,-14.52,57.09,0.12,1500,1500,1900,1900
167.20,-14.66,57.76,0.12,1500,1500,1900,1900
168.46,-14.97,58.33,0.12,1500,1500,1900,1900
169.16,-15.01,58.60,0.12,1500,1500,1900,1900
169.16,-14.64,58.51,0.12,1500,1500,1900,1900
169.04,-14.46,58.33,0.12,1500,1500,1900,1900
168.63,-14.21,58.14,0.12,1500,1500,1900,1900
168.34,-13.94,58.03,0.12,1500,1500,1900,1900
168.36,-13.85,57.99,0.12,1500,1500,1900,1900
168.86,-14.13,58.06,0.12,1500,1500,1900,1900
169.52,-14.51,58.27,0.12,1500,1500,1900,1900
169.90,-14.60,58.39,0.12,1500,1500,1900,1900
170.35,-14.73,58.46,0.12,1500,1500,1900,1900
171.02,-15.09,58.51,0.12,1500,1500,1900,1900
171.25,-15.15,58.38,0.12,1500,1500,1900,1900
171.12,-14.83,58.14,0.12,1500,1500,1900,1900
171.09,-14.65,58.00,0.12,1500,1500,1900,1900
170.81,-14.48,57.86,0.12,1500,1500,1900,1900
170.17,-14.35,57.77,0.12,1500,1500,1900,1900
169.34,-14.40,57.80,0.12,1500,1500,1900,1900
168.25,-14.49,57.95,0.12,1500,1500,1900,1900
166.33,-14.14,58.17,0.12,1500,1500,1900,1900
165.56,-14.45,58.71,0.12,1500,1500,1900,1900
165.68,-15.57,59.36,0.12,1500,1500,1900,1900
165.02,-15.53,60.26,0.12,1500,1500,1900,1900
165.69,-15.44,61.14,0.12,1500,1500,1900,1900
165.73,-14.56,62.05,0.12,1500,1500,1900,1900
165.63,-13.32,62.88,0.12,1500,1500,1900,1900
166.13,-12.69,63.52,0.12,1500,1500,1900,1900
166.44,-12.12,63.75,0.12,1500,1500,1900,1900
166.51,-11.69,63.59,0.12,1500,1500,1900,1900
166.62,-11.72,63.03,0.12,1500,1500,1900,1900
166.51,-12.09,62.03,0.12,1500,1500,1900,1900
165.88,-12.94,60.23,0.12,1500,1500,1900,1900
164.70,-13.48,58.84,0.12,1500,1500,1900,1900
162.38,-12.88,57.18,0.12,1500,1500,1900,1900
157.95,-10.15,55.66,0.12,1500,1500,1900,1900
152.24,-6.81,54.82,0.12,1500,1500,1900,1900
148.37,-5.03,54.60,0.12,1500,1500,1900,1900
147.45,-4.96,55.14,0.12,1500,1500,1900,1900
148.12,-5.72,56.36,0.12,1500,1500,1900,1900
148.53,-5.97,57.85,0.12,1500,1500,1900,1900
150.08,-6.61,59.69,0.12,1500,1500,1900,1900
150.24,-5.78,60.60,0.12,1500,1500,1900,1900
149.29,-4.34,61.27,0.12,1500,1500,1900,1900
148.75,-3.24,61.75,0.12,1500,1500,1900,1900
148.72,-3.06,62.04,0.12,1500,1500,1900,1900
149.73,-4.04,62.22,0.12,1500,1500,1900,1900
150.62,-5.27,62.41,0.12,1500,1500,1900,1900
151.86,-6.98,62.62,0.12,1500,1500,1900,1900
153.03,-8.82,62.63,0.13,1500,1500,1900,1900
155.59,-11.90,61.56,0.13,1500,1500,1900,1900
155.45,-11.58,61.36,0.13,1500,1500,1900,1900
156.43,-12.07,61.40,0.13,1500,1500,1900,1900
157.90,-12.79,61.87,0.13,1500,1500,1900,1900
160.05,-13.64,62.70,0.13,1500,1500,1900,1900
162.91,-15.05,63.84,0.13,1500,1500,1900,1900
166.84,-16.69,65.13,0.13,1500,1500,1900,1900
169.80,-18.11,66.32,0.13,1500,1500,1900,1900
171.28,-18.62,67.02,0.12,1500,1500,1900,1900
171.89,-18.56,67.84,0.12,1500,1500,1900,1900
172.07,-18.36,68.31,0.12,1500,1500,1900,1900
171.40,-17.79,68.61,0.12,1500,1500,1900,1900
171.83,-17.84,69.18,0.12,1500,1500,1900,1900
172.68,-18.06,69.64,0.12,1500,1500,1900,1900
173.42,-18.20,70.22,0.12,1500,1500,1900,1900
174.33,-18.28,70.82,0.12,1500,1500,1900,1900
174.91,-18.29,71.46,0.12,1500,1500,1900,1900
175.50,-18.34,71.87,0.12,1500,1500,1900,1900
175.78,-18.22,72.02,0.12,1500,1500,1900,1900
176.18,-18.11,72.13,0.12,1500,1500,1900,1900
176.49,-18.01,72.24,0.12,1500,1500,1900,1900
176.63,-17.90,72.22,0.12,1500,1500,1900,1900
176.84,-17.76,72.18,0.12,1500,1500,1900,1900
176.94,-17.64,72.14,0.12,1500,1500,1900,1900
177.08,-17.51,72.03,0.12,1500,1500,1900,1900
177.20,-17.39,71.95,0.12,1500,1500,1900,1900
177.37,-17.31,71.88,0.13,1500,1500,1900,1900
177.60,-17.20,71.76,0.13,1500,1500,1900,1900
177.94,-17.22,71.58,0.13,1500,1500,1900,1900
178.54,-17.36,71.45,0.13,1500,1500,1900,1900
178.76,-17.35,71.38,0.13,1500,1500,1900,1900
178.81,-17.40,71.22,0.13,1500,1500,1900,1900
178.82,-17.42,70.97,0.13,1500,1500,1900,1900
178.78,-17.42,70.75,0.13,1500,1500,1900,1900
178.83,-17.59,70.23,0.13,1500,1500,1900,1900
177.98,-17.31,69.68,0.12,1500,1500,1900,1900
176.91,-16.81,68.70,0.12,1500,1500,1900,1900
175.83,-16.26,67.99,0.12,1500,1500,1900,1900
175.16,-15.93,67.36,0.12,1500,1500,1900,1900
174.68,-15.87,67.05,0.12,1500,1500,1900,1900
174.48,-16.29,66.95,0.12,1500,1500,1900,1900
174.46,-17.20,66.95,0.12,1500,1500,1900,1900
174.23,-17.57,66.82,0.12,1500,1500,1900,1900
174.34,-17.84,66.90,0.12,1500,1500,1900,1900
174.69,-18.12,67.21,0.13,1500,1500,1900,1900
175.92,-18.56,68.10,0.13,1500,1500,1900,1900
177.19,-18.94,69.04,0.13,1500,1500,1900,1900
178.47,-19.11,69.87,0.13,1500,1500,1900,1900
179.36,-19.28,70.36,0.13,1500,1500,1900,1900
179.83,-19.42,70.53,0.13,1500,1500,1900,1900
179.86,-19.27,70.43,0.13,1500,1500,1900,1900






flipping kp is 4 ki is 0.2kd is 0.1 2 minutes